	Mycoplasma_agalactiae	Mycoplasma_gallisepticum	Mycoplasma_genitalium	Mycoplasma_hyopneumoniae
Number of genes	820	763	476	674
Number of genes in orthogroups	650	596	417	552
Number of unassigned genes	170	167	59	122
Percentage of genes in orthogroups	79.3	78.1	87.6	81.9
Percentage of unassigned genes	20.7	21.9	12.4	18.1
Number of orthogroups containing species	458	455	389	443
Percentage of orthogroups containing species	76.5	76.0	64.9	74.0
Number of species-specific orthogroups	37	11	3	33
Number of genes in species-specific orthogroups	171	95	6	107
Percentage of genes in species-specific orthogroups	20.9	12.5	1.3	15.9


Number of genes per-species in orthogroup	Number of orthogroups	Number of orthogroups	Number of orthogroups	Number of orthogroups
'0	141	144	210	156
'1	388	415	365	396
'2	32	27	20	23
'3	24	5	4	11
'4	6	1	0	4
'5	4	1	0	3
'6	1	0	0	2
'7	0	1	0	2
'8	0	2	0	1
'9	0	1	0	0
'10	1	0	0	0
11-15	1	1	0	1
16-20	0	0	0	0
21-50	0	0	0	0
51-100	1	1	0	0
101-150	0	0	0	0
151-200	0	0	0	0
201-500	0	0	0	0
501-1000	0	0	0	0
'1001+	0	0	0	0

Number of genes per-species in orthogroup	Percentage of orthogroups	Percentage of orthogroups	Percentage of orthogroups	Percentage of orthogroups
'0	23.5	24.0	35.1	26.0
'1	64.8	69.3	60.9	66.1
'2	5.3	4.5	3.3	3.8
'3	4.0	0.8	0.7	1.8
'4	1.0	0.2	0.0	0.7
'5	0.7	0.2	0.0	0.5
'6	0.2	0.0	0.0	0.3
'7	0.0	0.2	0.0	0.3
'8	0.0	0.3	0.0	0.2
'9	0.0	0.2	0.0	0.0
'10	0.2	0.0	0.0	0.0
11-15	0.2	0.2	0.0	0.2
16-20	0.0	0.0	0.0	0.0
21-50	0.0	0.0	0.0	0.0
51-100	0.2	0.2	0.0	0.0
101-150	0.0	0.0	0.0	0.0
151-200	0.0	0.0	0.0	0.0
201-500	0.0	0.0	0.0	0.0
501-1000	0.0	0.0	0.0	0.0
'1001+	0.0	0.0	0.0	0.0

Number of genes per-species in orthogroup	Number of genes	Number of genes	Number of genes	Number of genes
'0	0	0	0	0
'1	388	415	365	396
'2	64	54	40	46
'3	72	15	12	33
'4	24	4	0	16
'5	20	5	0	15
'6	6	0	0	12
'7	0	7	0	14
'8	0	16	0	8
'9	0	9	0	0
'10	10	0	0	0
11-15	15	13	0	12
16-20	0	0	0	0
21-50	0	0	0	0
51-100	51	58	0	0
101-150	0	0	0	0
151-200	0	0	0	0
201-500	0	0	0	0
501-1000	0	0	0	0
'1001+	0	0	0	0

Number of genes per-species in orthogroup	Percentage of genes	Percentage of genes	Percentage of genes	Percentage of genes
'0	0.0	0.0	0.0	0.0
'1	47.3	54.4	76.7	58.8
'2	7.8	7.1	8.4	6.8
'3	8.8	2.0	2.5	4.9
'4	2.9	0.5	0.0	2.4
'5	2.4	0.7	0.0	2.2
'6	0.7	0.0	0.0	1.8
'7	0.0	0.9	0.0	2.1
'8	0.0	2.1	0.0	1.2
'9	0.0	1.2	0.0	0.0
'10	1.2	0.0	0.0	0.0
11-15	1.8	1.7	0.0	1.8
16-20	0.0	0.0	0.0	0.0
21-50	0.0	0.0	0.0	0.0
51-100	6.2	7.6	0.0	0.0
101-150	0.0	0.0	0.0	0.0
151-200	0.0	0.0	0.0	0.0
201-500	0.0	0.0	0.0	0.0
501-1000	0.0	0.0	0.0	0.0
'1001+	0.0	0.0	0.0	0.0
